chr19	10000000	G	0	G	.	.	.
chr19	10000001	T	0	T	0	T	0
chr19	10000002	A	0	A	0	A	0
chr19	10000003	A	0	A	0	A	0
chr19	10000004	T	1	T	1	T	1
chr19	10000005	G	0	G	0	G	0
chr19	10000006	T	0	T	0	T	0
chr19	10000007	A	0	A	0	A	0
chr19	10000008	C	0	C	0	C	0
chr19	10000009	A	1	A	1	A	1
chr19	10000010	G	0	G	0	G	0
chr19	10000011	C	0	C	0	C	0
chr19	10000012	T	1	T	1	T	1
chr19	10000013	G	1	G	1	G	1
chr19	10000014	G	0	G	0	G	0
chr19	10000015	A	0	A	.	.	.
chr19	10000016	C	0	C	0	C	0
chr19	10000017	C	1	C	1	T	1
chr19	10000018	G	1	G	0	G	0
chr19	10000019	A	1	A	1	A	1
chr19	10000020	G	0	G	0	G	0
chr19	10000021	A	0	A	0	A	0
chr19	10000022	A	0	A	0	A	0
chr19	10000023	T	0	T	0	T	0
chr19	10000024	C	0	C	0	C	0
chr19	10000025	T	1	T	1	T	1
chr19	10000026	C	0	C	0	C	0
chr19	10000027	T	1	T	1	T	1
chr19	10000028	G	0	G	0	G	0
chr19	10000029	T	1	T	1	T	1
chr19	10000030	G	1	G	1	G	1
chr19	10000031	G	1	G	1	G	1
chr19	10000032	G	0	G	0	G	0
chr19	10000033	C	0	C	0	C	0
chr19	10000034	T	1	T	1	T	1
chr19	10000035	C	0	C	0	C	0
chr19	10000036	C	1	C	1	T	1
chr19	10000037	T	1	T	0	T	0
chr19	10000038	A	0	A	0	A	0
chr19	10000039	C	0	C	0	C	0
chr19	10000040	C	1	C	1	C	1
chr19	10000041	T	1	T	1	T	1
chr19	10000042	G	0	G	0	G	0
chr19	10000043	T	0	T	0	T	0
chr19	10000044	T	0	T	0	T	0
chr19	10000045	T	0	T	0	T	0
chr19	10000046	C	0	C	0	C	0
chr19	10000047	T	1	T	1	T	1
chr19	10000048	C	0	C	0	C	0
chr19	10000049	C	1	C	1	C	1
chr19	10000050	T	1	T	1	T	1
chr19	10000051	C	0	C	0	C	0
chr19	10000052	T	1	T	1	T	1
chr19	10000053	T	0	T	0	T	0
chr19	10000054	T	0	T	0	T	0
chr19	10000055	T	0	T	0	T	0
chr19	10000056	C	0	C	0	C	0
chr19	10000057	T	1	T	1	T	1
chr19	10000058	T	0	T	0	C	0
chr19	10000059	C	0	C	1	C	1
chr19	10000060	A	1	A	1	A	1
chr19	10000061	A	0	A	0	A	0
chr19	10000062	T	0	T	0	C	0
chr19	10000063	A	0	A	1	A	1
chr19	10000064	C	0	C	1	C	1
chr19	10000065	A	1	A	1	G	1
chr19	10000066	T	0	T	1	A	1
chr19	10000067	A	0	A	0	G	0
chr19	10000068	C	0	C	0	C	0
chr19	10000069	T	1	T	1	T	1
chr19	10000070	G	0	G	0	G	0
chr19	10000071	A	0	A	0	A	0
chr19	10000072	C	0	C	0	C	0
chr19	10000073	C	1	C	1	a	1
chr19	10000074	T	1	T	0	c	0
chr19	10000075	T	0	T	1	t	1
chr19	10000076	C	0	C	0	c	0
chr19	10000077	A	1	A	1	a	1
chr19	10000078	C	0	C	0	c	0
chr19	10000079	A	1	A	1	a	1
chr19	10000080	A	1	A	1	a	1
chr19	10000081	G	0	G	0	g	0
chr19	10000082	A	1	A	1	a	1
chr19	10000083	G	0	G	0	g	0
chr19	10000084	A	1	A	1	a	1
chr19	10000085	G	0	G	0	g	0
chr19	10000086	C	0	C	0	c	0
chr19	10000087	T	1	T	1	t	1
chr19	10000088	T	1	T	1	t	1
chr19	10000089	G	0	G	0	g	0
chr19	10000090	C	0	C	0	c	0
chr19	10000091	T	1	T	1	t	1
chr19	10000092	A	0	A	0	a	0
chr19	10000093	T	0	T	0	c	0
chr19	10000094	C	0	C	1	c	1
chr19	10000095	T	1	T	1	t	1
chr19	10000096	A	0	A	0	a	0
chr19	10000097	A	0	A	0	a	0
chr19	10000098	T	0	T	0	t	0
chr19	10000099	A	1	A	1	a	1
chr19	10000100	G	1	G	1	g	1
chr19	10000101	G	0	G	0	g	0
chr19	10000102	T	1	T	0	t	0
chr19	10000103	G	0	G	0	t	0
chr19	10000104	T	1	T	0	c	0
chr19	10000105	T	0	T	1	t	1
chr19	10000106	C	0	C	0	c	0
chr19	10000107	T	1	T	1	t	1
chr19	10000108	C	0	C	0	c	0
chr19	10000109	T	1	T	1	t	1
chr19	10000110	C	0	C	0	c	0
chr19	10000111	T	1	T	1	t	1
chr19	10000112	C	0	C	0	c	0
chr19	10000113	T	1	T	1	t	1
chr19	10000114	C	0	C	0	c	0
chr19	10000115	T	1	T	1	t	1
chr19	10000116	C	0	C	0	c	0
chr19	10000117	T	1	T	1	t	1
chr19	10000118	C	0	C	0	c	0
chr19	10000119	T	1	T	1	t	1
chr19	10000120	C	0	C	0	c	0
chr19	10000121	T	1	T	1	t	1
chr19	10000122	C	0	C	0	c	0
chr19	10000123	T	1	T	1	t	1
chr19	10000124	C	0	C	0	c	0
chr19	10000125	T	1	T	1	t	1
chr19	10000126	C	0	C	0	c	0
chr19	10000127	T	1	T	1	t	1
chr19	10000128	C	0	C	0	c	0
chr19	10000129	T	1	T	1	t	1
chr19	10000130	C	0	C	0	c	0
chr19	10000131	T	1	T	1	t	1
chr19	10000132	C	0	C	0	c	0
chr19	10000133	T	1	T	1	t	1
chr19	10000134	C	0	C	0	c	0
chr19	10000135	T	1	T	1	t	1
chr19	10000136	C	0	C	0	c	0
chr19	10000137	T	1	T	1	t	1
chr19	10000138	C	0	C	0	c	0
chr19	10000139	T	1	T	1	t	1
chr19	10000140	C	0	C	0	c	0
chr19	10000141	T	1	T	1	t	1
chr19	10000142	C	0	C	0	c	0
chr19	10000143	T	1	T	1	t	1
chr19	10000144	C	0	C	0	c	0
chr19	10000145	T	1	T	1	t	1
chr19	10000146	C	0	C	0	c	0
chr19	10000147	A	1	A	1	t	1
chr19	10000148	C	0	C	0	c	0
chr19	10000149	A	1	A	1	t	1
chr19	10000150	C	0	C	0	c	0
chr19	10000151	A	1	A	1	t	1
chr19	10000152	C	0	C	0	c	0
chr19	10000153	A	1	A	1	t	1
chr19	10000154	C	0	C	0	c	0
chr19	10000155	A	1	A	1	t	1
chr19	10000156	C	0	C	0	c	0
chr19	10000157	A	1	A	1	t	1
chr19	10000158	C	0	C	0	c	0
chr19	10000159	A	1	A	1	t	1
chr19	10000160	C	0	C	0	c	0
chr19	10000161	A	1	A	1	t	1
chr19	10000162	C	0	C	0	c	0
chr19	10000163	A	1	A	1	a	1
chr19	10000164	C	0	C	.	.	.
chr19	10000165	A	1	A	.	.	.
chr19	10000166	C	0	C	.	.	.
chr19	10000167	A	1	A	.	.	.
chr19	10000168	C	0	C	.	.	.
chr19	10000169	A	1	A	.	.	.
chr19	10000170	C	0	C	.	.	.
chr19	10000171	A	1	A	.	.	.
chr19	10000172	C	0	C	.	.	.
chr19	10000173	A	1	A	.	.	.
chr19	10000174	C	0	C	.	.	.
chr19	10000175	A	1	A	.	.	.
chr19	10000176	C	0	C	.	.	.
chr19	10000177	A	1	A	.	.	.
chr19	10000178	C	0	C	.	.	.
chr19	10000179	A	1	A	.	.	.
chr19	10000180	C	0	C	.	.	.
chr19	10000181	A	1	A	.	.	.
chr19	10000182	C	0	C	.	.	.
chr19	10000183	A	1	A	.	.	.
chr19	10000184	C	0	C	.	.	.
chr19	10000185	A	1	A	.	.	.
chr19	10000186	G	0	G	0	g	0
chr19	10000187	A	1	A	1	a	1
chr19	10000188	G	0	G	0	g	0
chr19	10000189	T	0	T	0	t	0
chr19	10000190	C	0	C	0	c	0
chr19	10000191	T	1	T	1	t	1
chr19	10000192	A	0	A	0	a	0
chr19	10000193	C	0	C	0	c	0
chr19	10000194	A	1	A	1	a	1
chr19	10000195	T	0	T	0	t	0
chr19	10000196	T	1	T	1	t	1
chr19	10000197	G	0	G	0	g	0
chr19	10000198	A	1	A	1	a	1
chr19	10000199	G	1	G	1	g	1
chr19	10000200	G	0	G	0	g	0
chr19	10000201	T	1	T	1	t	1
chr19	10000202	G	0	G	0	g	0
chr19	10000203	T	1	T	1	t	1
chr19	10000204	G	0	G	0	g	0
chr19	10000205	T	0	T	0	t	0
chr19	10000206	T	0	T	0	t	0
chr19	10000207	C	0	C	0	c	0
chr19	10000208	T	1	T	1	t	1
chr19	10000209	C	0	C	0	t	0
chr19	10000210	A	1	A	0	a	0
chr19	10000211	T	1	T	1	t	1
chr19	10000212	G	0	G	0	g	0
chr19	10000213	T	0	T	0	c	0
chr19	10000214	A	1	A	1	a	1
chr19	10000215	G	0	G	0	g	0
chr19	10000216	C	0	C	0	c	0
chr19	10000217	T	1	T	1	t	1
chr19	10000218	C	0	C	0	c	0
chr19	10000219	A	1	A	1	a	1
chr19	10000220	G	1	G	1	g	1
chr19	10000221	G	0	G	0	g	0
chr19	10000222	A	0	A	0	a	0
chr19	10000223	T	0	T	0	t	0
chr19	10000224	A	1	A	1	a	1
chr19	10000225	G	0	G	0	g	0
chr19	10000226	C	0	C	0	c	0
chr19	10000227	T	1	T	1	t	1
chr19	10000228	T	0	T	0	t	0
chr19	10000229	T	1	T	1	t	1
chr19	10000230	G	0	G	0	g	0
chr19	10000231	A	0	A	0	a	0
chr19	10000232	A	0	A	0	a	0
chr19	10000233	C	0	C	0	c	0
chr19	10000234	T	1	T	1	t	1
chr19	10000235	T	0	T	0	t	0
chr19	10000236	T	0	T	0	t	0
chr19	10000237	C	0	C	0	c	0
chr19	10000238	T	1	T	1	t	1
chr19	10000239	A	0	A	0	a	0
chr19	10000240	T	1	T	1	t	1
chr19	10000241	G	0	G	0	g	0
chr19	10000242	T	0	T	0	t	0
chr19	10000243	A	1	A	1	a	1
chr19	10000244	G	0	G	0	g	0
chr19	10000245	C	0	C	0	c	0
chr19	10000246	C	1	C	1	c	1
chr19	10000247	C	1	C	1	c	1
chr19	10000248	A	1	A	1	a	1
chr19	10000249	G	1	G	1	g	1
chr19	10000250	G	0	G	0	g	0
chr19	10000251	A	0	A	1	a	1
chr19	10000252	C	0	T	0	c	0
chr19	10000253	C	1	C	1	c	1
chr19	10000254	A	1	A	1	a	1
chr19	10000255	T	1	T	1	t	1
chr19	10000256	G	0	G	0	g	0
chr19	10000257	A	0	A	0	a	0
chr19	10000258	A	0	A	0	a	0
chr19	10000259	A	0	A	0	c	0
chr19	10000260	T	0	T	1	t	1
chr19	10000261	T	0	T	0	t	0
chr19	10000262	C	0	C	0	c	0
chr19	10000263	T	1	T	1	t	1
chr19	10000264	A	0	A	0	a	0
chr19	10000265	A	0	A	0	a	0
chr19	10000266	C	0	C	0	t	0
chr19	10000267	A	1	A	0	a	0
chr19	10000268	C	0	C	0	c	0
chr19	10000269	T	1	T	1	t	1
chr19	10000270	T	0	T	0	g	0
chr19	10000271	C	0	C	0	c	0
chr19	10000272	T	1	T	1	t	1
chr19	10000273	C	0	C	0	c	0
chr19	10000274	T	1	T	1	t	1
chr19	10000275	C	0	C	0	c	0
chr19	10000276	T	1	T	1	t	1
chr19	10000277	G	0	G	0	g	0
chr19	10000278	T	0	T	0	c	0
chr19	10000279	A	0	A	1	a	1
chr19	10000280	C	0	C	0	c	0
chr19	10000281	T	1	T	1	t	1
chr19	10000282	T	0	T	0	t	0
chr19	10000283	C	0	C	0	c	0
chr19	10000284	C	1	C	1	c	1
chr19	10000285	T	1	T	1	t	1
chr19	10000286	G	0	G	0	g	0
chr19	10000287	A	1	A	1	a	1
chr19	10000288	G	0	G	0	g	0
chr19	10000289	A	1	A	1	a	1
chr19	10000290	G	0	G	0	g	0
chr19	10000291	C	0	C	0	c	0
chr19	10000292	T	1	T	1	t	1
chr19	10000293	G	0	G	0	g	0
chr19	10000294	A	1	A	0	a	0
chr19	10000295	G	0	G	0	a	0
chr19	10000296	A	0	A	0	a	0
chr19	10000297	T	0	T	0	t	0
chr19	10000298	T	0	T	0	t	0
chr19	10000299	A	0	A	0	a	0
chr19	10000300	C	0	C	0	c	0
chr19	10000301	A	1	A	1	a	1
chr19	10000302	G	0	G	0	g	0
chr19	10000303	A	0	A	.	.	.
chr19	10000304	T	1	T	1	t	1
chr19	10000305	G	0	G	0	g	0
chr19	10000306	T	1	T	1	t	1
chr19	10000307	G	0	G	0	g	0
chr19	10000308	A	1	A	1	a	1
chr19	10000309	G	0	G	0	g	0
chr19	10000310	C	0	C	0	t	0
chr19	10000311	C	1	C	0	c	0
chr19	10000312	A	1	A	1	a	1
chr19	10000313	C	0	C	0	c	0
chr19	10000314	C	1	C	1	c	1
chr19	10000315	A	1	A	1	a	1
chr19	10000316	T	0	T	0	t	0
chr19	10000317	A	0	A	0	a	0
chr19	10000318	T	0	T	0	t	0
chr19	10000319	C	0	C	0	c	0
chr19	10000320	C	1	C	1	c	1
chr19	10000321	A	1	A	1	a	1
chr19	10000322	A	0	A	0	a	0
chr19	10000323	C	0	C	0	c	0
chr19	10000324	A	1	A	1	a	1
chr19	10000325	G	0	G	1	g	1
chr19	10000326	A	0	A	0	g	0
chr19	10000327	T	0	T	0	t	0
chr19	10000328	A	0	A	0	a	0
chr19	10000329	A	1	A	0	a	0
chr19	10000330	G	0	G	0	a	0
chr19	10000331	T	1	T	0	t	0
chr19	10000332	G	0	G	0	a	0
chr19	10000333	C	0	C	0	c	0
chr19	10000334	T	1	T	1	t	1
chr19	10000335	G	1	G	1	g	1
chr19	10000336	G	1	G	1	g	1
chr19	10000337	G	1	G	1	g	1
chr19	10000338	G	0	G	0	g	0
chr19	10000339	A	0	A	0	a	0
chr19	10000340	T	0	T	0	t	0
chr19	10000341	C	0	C	0	c	0
chr19	10000342	C	1	C	1	c	1
chr19	10000343	A	1	A	1	a	1
chr19	10000344	G	0	G	0	g	0
chr19	10000345	T	1	T	1	t	1
chr19	10000346	G	0	G	0	g	0
chr19	10000347	C	0	C	0	c	0
chr19	10000348	A	1	A	1	a	1
chr19	10000349	G	1	G	0	g	0
chr19	10000350	G	1	G	1	a	1
chr19	10000351	G	0	G	0	g	0
chr19	10000352	T	0	T	0	t	0
chr19	10000353	T	0	T	0	t	0
chr19	10000354	T	0	T	0	t	0
chr19	10000355	C	0	C	0	c	0
chr19	10000356	A	1	A	1	a	1
chr19	10000357	T	1	T	1	t	1
chr19	10000358	G	0	G	0	g	0
chr19	10000359	C	0	C	0	c	0
chr19	10000360	A	1	A	1	a	1
chr19	10000361	C	0	C	0	c	0
chr19	10000362	A	1	A	1	a	1
chr19	10000363	C	0	C	0	c	0
chr19	10000364	C	1	C	1	t	1
chr19	10000365	A	1	A	1	a	1
chr19	10000366	G	1	G	1	g	1
chr19	10000367	G	0	G	0	g	0
chr19	10000368	C	0	C	0	c	0
chr19	10000369	A	1	A	1	a	1
chr19	10000370	A	1	A	1	a	1
chr19	10000371	G	0	G	0	g	0
chr19	10000372	A	0	A	0	a	0
chr19	10000373	A	0	A	0	a	0
chr19	10000374	C	0	C	0	c	0
chr19	10000375	T	1	T	1	t	1
chr19	10000376	C	0	C	0	c	0
chr19	10000377	C	1	C	1	c	1
chr19	10000378	T	1	T	1	t	1
chr19	10000379	C	0	C	0	c	0
chr19	10000380	C	1	C	1	c	1
chr19	10000381	C	1	C	1	t	1
chr19	10000382	A	1	A	0	a	0
chr19	10000383	C	0	C	0	c	0
chr19	10000384	T	1	T	1	t	1
chr19	10000385	G	0	G	0	g	0
chr19	10000386	A	1	A	1	a	1
chr19	10000387	G	0	G	1	g	1
chr19	10000388	A	0	A	0	g	0
chr19	10000389	T	0	T	0	t	0
chr19	10000390	A	0	A	0	a	0
chr19	10000391	A	0	G	0	a	0
chr19	10000392	A	0	A	0	a	0
chr19	10000393	T	0	T	0	t	0
chr19	10000394	C	0	C	0	c	0
chr19	10000395	C	1	T	1	c	1
chr19	10000396	C	1	C	1	c	1
chr19	10000397	A	1	A	1	a	1
chr19	10000398	G	0	G	0	g	0
chr19	10000399	T	0	T	0	t	0
chr19	10000400	C	0	C	0	c	0
chr19	10000401	C	1	C	1	c	1
chr19	10000402	A	1	A	1	A	1
chr19	10000403	A	0	A	0	A	0
chr19	10000404	T	0	T	0	T	0
chr19	10000405	A	0	A	0	A	0
chr19	10000406	A	0	A	0	A	0
chr19	10000407	A	0	A	0	A	0
chr19	10000408	T	0	T	0	t	0
chr19	10000409	A	0	A	0	a	0
chr19	10000410	T	0	T	0	t	0
chr19	10000411	A	0	A	0	a	0
chr19	10000412	T	0	T	0	t	0
chr19	10000413	A	0	A	0	a	0
chr19	10000414	T	0	T	0	c	0
chr19	10000415	T	0	T	1	t	1
chr19	10000416	T	0	T	0	t	0
chr19	10000417	A	0	A	0	a	0
chr19	10000418	A	0	A	0	a	0
chr19	10000419	T	0	T	0	T	0
chr19	10000420	T	0	T	0	T	0
chr19	10000421	A	0	A	0	A	0
chr19	10000422	A	0	A	0	A	0
chr19	10000423	A	1	A	1	A	1
chr19	10000424	G	0	G	0	G	0
chr19	10000425	T	0	T	0	T	0
chr19	10000426	T	1	T	1	T	1
chr19	10000427	G	0	G	0	G	0
chr19	10000428	A	0	A	0	A	0
chr19	10000429	A	0	A	0	A	0
chr19	10000430	T	0	T	0	C	0
chr19	10000431	A	0	A	1	A	1
chr19	10000432	T	1	T	1	T	1
chr19	10000433	G	0	G	0	G	0
chr19	10000434	T	0	T	0	T	0
chr19	10000435	T	0	T	0	T	0
chr19	10000436	T	0	T	0	C	0
chr19	10000437	C	0	C	1	C	1
chr19	10000438	T	1	T	1	T	1
chr19	10000439	A	1	A	1	A	1
chr19	10000440	G	0	G	0	G	0
chr19	10000441	C	0	C	0	C	0
chr19	10000442	A	1	A	1	A	1
chr19	10000443	G	0	G	0	G	0
chr19	10000444	A	1	A	1	A	1
chr19	10000445	G	0	G	0	G	0
chr19	10000446	T	0	T	0	C	0
chr19	10000447	A	1	A	1	A	1
chr19	10000448	G	0	G	0	G	0
chr19	10000449	T	0	G	0	T	0
chr19	10000450	T	0	T	0	T	0
chr19	10000451	C	0	C	0	C	0
chr19	10000452	A	1	A	1	A	1
chr19	10000453	A	0	A	0	A	0
chr19	10000454	A	0	A	0	A	0
chr19	10000455	A	0	A	0	A	0
chr19	10000456	C	0	C	0	T	0
chr19	10000457	A	1	A	0	A	0
chr19	10000458	A	0	A	0	A	0
chr19	10000459	A	0	A	0	A	0
chr19	10000460	A	0	A	0	A	0
chr19	10000461	C	0	C	0	C	0
chr19	10000462	A	1	A	1	A	1
chr19	10000463	C	0	C	0	C	0
chr19	10000464	C	1	C	1	C	1
chr19	10000465	T	1	T	1	T	1
chr19	10000466	G	0	G	0	G	0
chr19	10000467	T	0	T	0	T	0
chr19	10000468	A	0	A	0	A	0
chr19	10000469	A	0	A	0	A	0
chr19	10000470	A	0	A	0	A	0
chr19	10000471	C	0	C	0	C	0
chr19	10000472	A	1	A	1	A	1
chr19	10000473	C	0	C	0	C	0
chr19	10000474	T	1	T	1	T	1
chr19	10000475	G	0	G	0	G	0
chr19	10000476	C	0	C	0	C	0
chr19	10000477	C	1	C	1	C	1
chr19	10000478	T	1	T	1	T	1
chr19	10000479	T	0	T	0	T	0
chr19	10000480	A	0	A	0	A	0
chr19	10000481	A	0	A	0	A	0
chr19	10000482	A	0	A	.	.	.
chr19	10000483	C	0	C	.	.	.
chr19	10000484	A	1	A	.	.	.
chr19	10000485	C	0	C	.	.	.
chr19	10000486	T	1	T	.	.	.
chr19	10000487	G	0	G	.	.	.
chr19	10000488	C	0	C	.	.	.
chr19	10000489	C	1	C	.	.	.
chr19	10000490	T	1	T	.	.	.
chr19	10000491	T	0	T	.	.	.
chr19	10000492	A	0	A	.	.	.
chr19	10000493	A	0	A	.	.	.
chr19	10000494	T	1	T	1	C	1
chr19	10000495	G	1	G	1	G	1
chr19	10000496	G	0	G	0	G	0
chr19	10000497	A	0	A	0	A	0
chr19	10000498	C	0	T	0	T	0
chr19	10000499	T	1	T	0	T	0
chr19	10000500	C	0	C	0	C	0
chr19	10000501	C	1	C	1	C	1
chr19	10000502	T	1	T	1	T	1
chr19	10000503	G	0	G	0	G	0
chr19	10000504	C	0	C	0	C	0
chr19	10000505	A	1	A	1	A	1
chr19	10000506	T	0	T	0	T	0
chr19	10000507	C	0	T	0	C	0
chr19	10000508	C	1	C	1	C	1
chr19	10000509	C	1	C	1	C	1
chr19	10000510	T	1	T	1	T	1
chr19	10000511	T	0	T	0	T	0
chr19	10000512	A	0	A	0	A	0
chr19	10000513	T	1	T	1	T	1
chr19	10000514	G	0	G	0	G	0
chr19	10000515	T	0	T	0	T	0
chr19	10000516	T	1	T	1	T	1
chr19	10000517	G	1	G	1	G	1
chr19	10000518	G	0	G	0	G	0
chr19	10000519	T	0	T	0	T	0
chr19	10000520	C	0	C	0	C	0
chr19	10000521	A	1	A	1	A	1
chr19	10000522	C	0	C	0	C	0
chr19	10000523	T	1	T	1	T	1
chr19	10000524	A	1	A	1	A	1
chr19	10000525	G	0	G	0	G	0
chr19	10000526	A	1	A	1	A	1
chr19	10000527	G	1	G	1	G	1
chr19	10000528	G	0	G	0	G	0
chr19	10000529	T	0	T	0	T	0
chr19	10000530	C	0	C	0	C	0
chr19	10000531	A	1	A	1	A	1
chr19	10000532	C	0	C	0	C	0
chr19	10000533	C	1	T	1	C	1
chr19	10000534	A	1	A	1	A	1
chr19	10000535	T	0	T	0	T	0
chr19	10000536	T	1	T	1	T	1
chr19	10000537	G	0	G	0	G	0
chr19	10000538	A	0	A	0	A	0
chr19	10000539	C	0	C	0	C	0
chr19	10000540	T	1	T	1	T	1
chr19	10000541	T	0	T	0	T	0
chr19	10000542	A	1	A	1	A	1
chr19	10000543	G	0	G	0	G	0
chr19	10000544	T	0	T	0	T	0
chr19	10000545	T	0	T	0	T	0
chr19	10000546	C	0	C	0	C	0
chr19	10000547	T	1	T	1	T	1
chr19	10000548	T	1	T	1	T	1
chr19	10000549	G	0	G	0	G	0
chr19	10000550	C	0	C	0	C	0
chr19	10000551	C	1	C	1	C	1
chr19	10000552	A	1	A	1	A	1
chr19	10000553	G	1	G	0	G	0
chr19	10000554	G	1	G	1	A	1
chr19	10000555	G	0	G	0	G	0
chr19	10000556	A	0	A	0	A	0
chr19	10000557	A	1	A	1	A	1
chr19	10000558	G	0	G	0	G	0
chr19	10000559	C	0	C	0	C	0
chr19	10000560	C	1	C	1	C	1
chr19	10000561	T	1	T	1	T	1
chr19	10000562	A	1	A	1	G	1
chr19	10000563	G	0	G	0	G	0
chr19	10000564	T	0	T	0	T	0
chr19	10000565	C	0	C	0	C	0
chr19	10000566	C	1	C	1	C	1
chr19	10000567	A	1	A	1	A	1
chr19	10000568	G	0	G	0	G	0
chr19	10000569	T	0	T	0	T	0
chr19	10000570	T	1	T	1	T	1
chr19	10000571	G	0	G	0	G	0
chr19	10000572	T	0	T	0	T	0
chr19	10000573	T	0	T	0	T	0
chr19	10000574	C	0	C	0	C	0
chr19	10000575	A	1	A	1	A	1
chr19	10000576	G	1	G	1	G	1
chr19	10000577	G	0	A	0	G	0
chr19	10000578	T	1	T	1	T	1
chr19	10000579	G	0	G	0	G	0
chr19	10000580	T	0	T	0	T	0
chr19	10000581	C	0	C	0	C	0
chr19	10000582	A	1	A	1	A	1
chr19	10000583	G	0	G	0	G	0
chr19	10000584	T	1	T	1	T	1
chr19	10000585	G	0	G	0	G	0
chr19	10000586	A	0	A	0	A	0
chr19	10000587	T	0	C	0	C	0
chr19	10000588	C	0	C	1	A	1
chr19	10000589	A	1	A	0	A	0
chr19	10000590	T	0	T	0	T	0
chr19	10000591	C	0	C	0	C	0
chr19	10000592	A	1	A	1	A	1
chr19	10000593	A	0	A	0	A	0
chr19	10000594	A	1	A	1	A	1
chr19	10000595	G	0	G	0	G	0
chr19	10000596	T	0	C	0	C	0
chr19	10000597	T	1	T	1	T	1
chr19	10000598	G	0	G	0	G	0
chr19	10000599	T	0	T	0	T	0
chr19	10000600	C	0	C	0	C	0
chr19	10000601	T	1	T	1	T	1
chr19	10000602	T	0	T	0	T	0
chr19	10000603	T	1	T	1	T	1
chr19	10000604	G	1	G	1	G	1
chr19	10000605	G	0	G	0	G	0
chr19	10000606	A	0	A	0	A	0
chr19	10000607	A	1	A	1	A	1
chr19	10000608	G	0	G	1	G	1
chr19	10000609	T	0	T	0	G	0
chr19	10000610	C	1	C	1	A	1
chr19	10000611	G	1	G	0	G	0
chr19	10000612	C	0	C	0	C	0
chr19	10000613	C	1	T	1	T	1
chr19	10000614	G	1	G	0	G	0
chr19	10000615	T	0	T	0	T	0
chr19	10000616	T	0	T	0	T	0
chr19	10000617	A	0	A	0	A	0
chr19	10000618	T	0	T	0	T	0
chr19	10000619	C	0	C	0	C	0
chr19	10000620	T	1	T	1	T	1
chr19	10000621	C	0	C	0	C	0
chr19	10000622	C	1	C	1	C	1
chr19	10000623	T	1	T	1	T	1
chr19	10000624	T	1	T	1	T	1
chr19	10000625	G	0	G	0	G	0
chr19	10000626	A	0	A	0	A	0
chr19	10000627	C	0	C	0	C	0
chr19	10000628	C	1	C	1	C	1
chr19	10000629	A	1	A	1	A	1
chr19	10000630	T	0	T	0	T	0
chr19	10000631	T	0	T	0	T	0
chr19	10000632	A	0	A	0	A	0
chr19	10000633	C	0	C	0	C	0
chr19	10000634	C	1	C	1	C	1
chr19	10000635	A	1	A	1	G	1
chr19	10000636	G	0	G	0	G	0
chr19	10000637	T	0	T	0	T	0
chr19	10000638	A	1	A	1	A	1
chr19	10000639	G	0	G	0	G	0
chr19	10000640	C	0	C	0	C	0
chr19	10000641	T	1	T	1	T	1
chr19	10000642	A	0	A	0	A	0
chr19	10000643	C	0	C	0	C	0
chr19	10000644	A	1	A	1	A	1
chr19	10000645	T	0	G	0	T	0
chr19	10000646	A	1	A	1	A	1
chr19	10000647	G	0	G	0	G	0
chr19	10000648	T	0	T	1	T	1
chr19	10000649	A	0	A	0	G	0
chr19	10000650	T	0	T	0	T	0
chr19	10000651	T	0	T	0	T	0
chr19	10000652	T	0	T	0	T	0
chr19	10000653	T	0	T	1	T	1
chr19	10000654	A	1	G	1	G	1
chr19	10000655	G	0	G	0	G	0
chr19	10000656	A	0	A	0	A	0
chr19	10000657	A	1	A	1	A	1
chr19	10000658	G	0	G	0	G	0
chr19	10000659	A	1	A	1	A	1
chr19	10000660	G	0	G	0	G	0
chr19	10000661	C	0	C	0	C	0
chr19	10000662	T	1	T	1	T	1
chr19	10000663	G	1	G	1	G	1
chr19	10000664	G	1	G	1	G	1
chr19	10000665	G	0	G	0	G	0
chr19	10000666	A	0	A	0	A	0
chr19	10000667	A	1	A	1	A	1
chr19	10000668	G	0	G	0	G	0
chr19	10000669	T	1	T	1	T	1
chr19	10000670	G	0	G	0	G	0
chr19	10000671	C	0	C	0	C	0
chr19	10000672	T	1	T	1	T	1
chr19	10000673	G	1	G	1	G	1
chr19	10000674	G	0	G	0	G	0
chr19	10000675	A	1	A	1	A	1
chr19	10000676	G	0	G	0	G	0
chr19	10000677	A	0	A	0	A	0
chr19	10000678	A	0	A	0	A	0
chr19	10000679	C	0	C	0	C	0
chr19	10000680	T	1	T	1	T	1
chr19	10000681	T	0	T	0	T	0
chr19	10000682	C	0	C	0	C	0
chr19	10000683	T	1	T	1	T	1
chr19	10000684	T	0	T	0	T	0
chr19	10000685	T	1	T	1	T	1
chr19	10000686	G	1	G	0	G	0
chr19	10000687	G	0	A	0	A	0
chr19	10000688	T	0	T	0	T	0
chr19	10000689	T	0	T	0	T	0
chr19	10000690	T	0	T	0	T	0
chr19	10000691	T	0	T	0	T	0
chr19	10000692	C	0	C	0	C	0
chr19	10000693	T	1	T	1	T	1
chr19	10000694	G	0	G	0	G	0
chr19	10000695	T	1	T	1	T	1
chr19	10000696	G	0	G	0	G	0
chr19	10000697	A	0	A	0	A	0
chr19	10000698	A	1	A	1	A	1
chr19	10000699	G	0	G	0	G	0
chr19	10000700	C	0	C	0	C	0
chr19	10000701	C	1	C	1	C	1
chr19	10000702	C	1	C	1	C	1
chr19	10000703	A	1	A	1	A	1
chr19	10000704	G	0	G	0	G	0
chr19	10000705	T	0	T	0	T	0
chr19	10000706	T	0	T	0	T	0
chr19	10000707	C	0	C	0	C	0
chr19	10000708	T	1	G	1	C	1
chr19	10000709	T	0	T	1	T	1
chr19	10000710	C	0	C	0	C	0
chr19	10000711	A	1	A	1	A	1
chr19	10000712	C	0	C	0	C	0
chr19	10000713	C	1	C	1	C	1
chr19	10000714	G	1	G	1	G	1
chr19	10000715	T	0	T	0	T	0
chr19	10000716	T	0	T	0	T	0
chr19	10000717	A	0	A	1	A	1
chr19	10000718	A	0	A	0	G	0
chr19	10000719	C	0	C	0	C	0
chr19	10000720	C	1	C	1	C	1
chr19	10000721	A	1	A	0	A	0
chr19	10000722	G	0	G	1	T	1
chr19	10000723	T	0	T	0	G	0
chr19	10000724	T	0	T	0	C	0
chr19	10000725	C	0	C	1	C	1
chr19	10000726	T	1	T	1	C	1
chr19	10000727	T	0	T	1	T	1
chr19	10000728	C	0	C	0	C	0
chr19	10000729	A	1	A	1	A	1
chr19	10000730	C	0	C	0	C	0
chr19	10000731	T	1	T	1	T	1
chr19	10000732	T	1	T	1	T	1
chr19	10000733	G	0	G	0	G	0
chr19	10000734	C	0	C	0	C	0
chr19	10000735	T	1	T	1	T	1
chr19	10000736	A	1	A	1	C	1
chr19	10000737	G	0	G	1	G	1
chr19	10000738	T	1	T	1	C	1
chr19	10000739	G	0	G	1	G	1
chr19	10000740	C	0	C	0	C	0
chr19	10000741	T	1	T	1	T	1
chr19	10000742	G	0	G	0	C	0
chr19	10000743	C	0	C	1	T	1
chr19	10000744	T	1	T	0	T	0
chr19	10000745	C	0	C	0	C	0
chr19	10000746	T	1	T	1	T	1
chr19	10000747	C	0	C	0	C	0
chr19	10000748	T	1	T	1	T	1
chr19	10000749	G	0	G	0	G	0
chr19	10000750	C	0	C	0	C	0
chr19	10000751	T	1	T	1	T	1
chr19	10000752	T	0	T	0	T	0
chr19	10000753	C	0	C	0	C	0
chr19	10000754	T	1	T	1	T	1
chr19	10000755	T	0	T	0	T	0
chr19	10000756	C	0	C	0	C	0
chr19	10000757	C	1	C	1	C	1
chr19	10000758	A	1	A	1	A	1
chr19	10000759	G	0	G	0	G	0
chr19	10000760	T	0	T	0	A	0
chr19	10000761	C	0	C	0	C	0
chr19	10000762	T	1	T	1	T	1
chr19	10000763	C	0	C	0	C	0
chr19	10000764	A	1	A	1	A	1
chr19	10000765	A	1	A	1	G	1
chr19	10000766	G	0	G	0	G	0
chr19	10000767	A	0	A	0	A	0
chr19	10000768	T	1	T	1	T	1
chr19	10000769	G	0	G	0	G	0
chr19	10000770	T	0	T	0	T	0
chr19	10000771	C	0	C	0	C	0
chr19	10000772	T	1	T	1	T	1
chr19	10000773	C	0	C	0	C	0
chr19	10000774	C	1	C	1	C	1
chr19	10000775	A	1	A	1	A	1
chr19	10000776	G	0	G	0	G	0
chr19	10000777	A	1	A	1	A	1
chr19	10000778	G	0	G	0	G	0
chr19	10000779	A	0	A	0	A	0
chr19	10000780	C	0	C	0	C	0
chr19	10000781	A	1	A	1	A	1
chr19	10000782	C	0	C	0	C	0
chr19	10000783	T	1	T	1	T	1
chr19	10000784	G	0	G	0	G	0
chr19	10000785	T	1	T	1	T	1
chr19	10000786	G	0	G	0	G	0
chr19	10000787	A	0	A	0	A	0
chr19	10000788	A	0	A	0	A	0
chr19	10000789	C	0	C	0	C	0
chr19	10000790	A	1	A	1	A	1
chr19	10000791	A	0	A	0	A	0
chr19	10000792	T	0	T	0	T	0
chr19	10000793	C	0	G	0	C	0
chr19	10000794	T	1	T	1	T	1
chr19	10000795	G	0	G	0	G	0
chr19	10000796	C	0	C	0	C	0
chr19	10000797	T	1	T	1	T	1
chr19	10000798	C	0	C	0	C	0
chr19	10000799	C	1	C	1	C	1
chr19	10000800	T	1	T	1	T	1
chr19	10000801	A	1	A	1	A	1
chr19	10000802	G	0	G	0	G	0
chr19	10000803	A	0	A	0	A	0
chr19	10000804	C	0	C	0	C	0
chr19	10000805	C	1	C	1	C	1
chr19	10000806	C	1	C	1	C	1
chr19	10000807	A	1	A	1	A	1
chr19	10000808	C	0	C	0	C	0
chr19	10000809	A	1	A	1	A	1
chr19	10000810	C	0	C	0	C	0
chr19	10000811	A	1	A	1	A	1
chr19	10000812	A	0	A	0	A	0
chr19	10000813	C	0	C	0	C	0
chr19	10000814	T	1	T	1	T	1
chr19	10000815	C	0	C	0	C	0
chr19	10000816	T	1	T	1	T	1
chr19	10000817	A	0	A	0	A	0
chr19	10000818	A	1	A	1	A	1
chr19	10000819	G	0	G	0	G	0
chr19	10000820	C	0	C	0	C	0
chr19	10000821	A	1	A	1	A	1
chr19	10000822	C	0	C	0	C	0
chr19	10000823	A	1	A	1	A	1
chr19	10000824	T	0	T	0	T	0
chr19	10000825	T	0	T	0	T	0
chr19	10000826	C	0	C	0	C	0
chr19	10000827	A	1	A	1	A	1
chr19	10000828	A	0	A	0	A	0
chr19	10000829	A	0	A	0	A	0
chr19	10000830	C	0	C	1	C	1
chr19	10000831	A	1	T	1	G	1
chr19	10000832	T	0	T	0	T	0
chr19	10000833	A	0	A	0	A	0
chr19	10000834	A	1	A	1	A	1
chr19	10000835	G	0	G	0	G	0
chr19	10000836	A	0	A	0	A	0
chr19	10000837	C	0	C	0	C	0
chr19	10000838	A	1	A	1	A	1
chr19	10000839	T	1	T	1	T	1
chr19	10000840	G	1	G	1	G	1
chr19	10000841	G	0	G	0	G	0
chr19	10000842	T	1	T	1	T	1
chr19	10000843	G	0	G	0	G	0
chr19	10000844	T	0	T	0	T	0
chr19	10000845	C	0	C	0	C	0
chr19	10000846	C	1	C	1	C	1
chr19	10000847	C	1	C	1	C	1
chr19	10000848	A	1	A	1	A	1
chr19	10000849	C	1	C	0	C	0
chr19	10000850	G	1	G	1	A	1
chr19	10000851	G	1	G	1	G	1
chr19	10000852	G	0	G	0	G	0
chr19	10000853	C	0	C	0	T	0
chr19	10000854	C	1	C	0	C	0
chr19	10000855	T	1	T	1	T	1
chr19	10000856	C	0	C	0	C	0
chr19	10000857	A	1	A	1	A	1
chr19	10000858	A	0	A	0	A	0
chr19	10000859	A	0	A	0	A	0
chr19	10000860	C	0	C	0	C	0
chr19	10000861	A	1	A	1	A	1
chr19	10000862	C	0	C	0	C	0
chr19	10000863	A	1	A	1	A	1
chr19	10000864	A	0	A	0	A	0
chr19	10000865	A	0	A	0	A	0
chr19	10000866	T	1	T	1	T	1
chr19	10000867	G	0	G	0	G	0
chr19	10000868	T	1	T	1	T	1
chr19	10000869	G	0	G	0	G	0
chr19	10000870	T	0	T	0	T	0
chr19	10000871	C	0	C	0	C	0
chr19	10000872	T	1	T	1	T	1
chr19	10000873	C	0	C	0	C	0
chr19	10000874	C	1	C	1	C	1
chr19	10000875	A	1	A	1	A	1
chr19	10000876	G	0	G	0	G	0
chr19	10000877	T	0	T	0	T	0
chr19	10000878	C	0	C	0	C	0
chr19	10000879	A	1	A	1	A	1
chr19	10000880	A	0	A	0	A	0
chr19	10000881	C	0	C	0	C	0
chr19	10000882	C	1	C	1	C	1
chr19	10000883	A	1	A	1	A	1
chr19	10000884	G	0	G	1	G	1
chr19	10000885	A	0	A	0	G	0
chr19	10000886	C	0	C	0	C	0
chr19	10000887	A	1	A	1	A	1
chr19	10000888	G	1	G	0	G	0
chr19	10000889	G	0	G	0	A	0
chr19	10000890	C	0	C	0	C	0
chr19	10000891	C	1	C	1	C	1
chr19	10000892	T	1	T	1	T	1
chr19	10000893	C	0	C	1	T	1
chr19	10000894	A	1	A	1	G	1
chr19	10000895	G	1	G	1	G	1
chr19	10000896	G	0	G	0	G	0
chr19	10000897	T	0	T	0	T	0
chr19	10000898	A	0	A	0	A	0
chr19	10000899	T	0	T	0	T	0
chr19	10000900	A	0	A	0	A	0
chr19	10000901	C	0	C	0	C	0
chr19	10000902	A	1	A	1	A	1
chr19	10000903	G	0	G	0	G	0
chr19	10000904	T	0	T	0	T	0
chr19	10000905	A	0	A	0	A	0
chr19	10000906	A	0	A	0	A	0
chr19	10000907	A	1	A	1	A	1
chr19	10000908	G	0	G	0	G	0
chr19	10000909	C	0	C	0	C	0
chr19	10000910	C	1	C	1	C	1
chr19	10000911	C	1	C	1	C	1
chr19	10000912	A	1	A	1	A	1
chr19	10000913	A	1	A	1	A	1
chr19	10000914	G	0	G	0	G	0
chr19	10000915	A	0	A	0	A	0
chr19	10000916	C	0	C	0	C	0
chr19	10000917	A	1	A	1	A	1
chr19	10000918	T	0	T	0	T	0
chr19	10000919	A	0	A	0	A	0
chr19	10000920	C	0	C	0	C	0
chr19	10000921	C	1	C	1	C	1
chr19	10000922	T	1	T	1	T	1
chr19	10000923	G	1	G	1	G	1
chr19	10000924	G	0	G	0	G	0
chr19	10000925	A	0	A	0	A	0
chr19	10000926	T	0	T	0	T	0
chr19	10000927	A	0	A	0	A	0
chr19	10000928	C	0	C	0	C	0
chr19	10000929	A	1	A	1	A	1
chr19	10000930	G	1	G	1	G	1
chr19	10000931	G	0	G	0	G	0
chr19	10000932	A	0	A	0	A	0
chr19	10000933	C	0	C	0	C	0
chr19	10000934	C	1	C	1	C	1
chr19	10000935	C	1	C	1	C	1
chr19	10000936	C	1	C	1	C	1
chr19	10000937	A	1	A	1	A	1
chr19	10000938	G	0	G	0	G	0
chr19	10000939	A	0	A	0	A	0
chr19	10000940	A	0	A	0	A	0
chr19	10000941	T	0	T	0	T	0
chr19	10000942	A	0	A	0	A	0
chr19	10000943	A	0	A	0	A	0
chr19	10000944	C	0	C	0	C	0
chr19	10000945	C	1	C	1	C	1
chr19	10000946	T	1	T	1	T	1
chr19	10000947	C	0	C	0	C	0
chr19	10000948	C	1	C	1	C	1
chr19	10000949	T	1	T	1	T	1
chr19	10000950	A	0	A	0	A	0
chr19	10000951	C	0	C	0	C	0
chr19	10000952	A	1	A	1	A	1
chr19	10000953	A	1	A	1	A	1
chr19	10000954	G	1	G	1	G	1
chr19	10000955	G	0	G	0	G	0
chr19	10000956	A	1	A	1	A	1
chr19	10000957	G	0	G	0	G	0
chr19	10000958	A	1	A	1	A	1
chr19	10000959	G	0	G	1	G	1
chr19	10000960	T	1	T	1	G	1
chr19	10000961	G	0	G	0	G	0
chr19	10000962	C	0	C	0	C	0
chr19	10000963	C	1	C	1	C	1
chr19	10000964	C	1	C	1	C	1
chr19	10000965	A	1	A	1	A	1
chr19	10000966	G	0	G	0	A	0
chr19	10000967	C	1	C	0	A	0
chr19	10000968	G	1	T	0	T	0
chr19	10000969	C	0	C	0	T	0
chr19	10000970	A	1	A	1	A	1
chr19	10000971	G	0	G	0	G	0
chr19	10000972	C	0	C	0	C	0
chr19	10000973	C	1	C	1	C	1
chr19	10000974	A	1	A	1	A	1
chr19	10000975	A	1	A	1	A	1
chr19	10000976	G	0	G	0	G	0
chr19	10000977	A	0	A	0	A	0
chr19	10000978	C	0	C	0	C	0
chr19	10000979	C	1	C	1	C	1
chr19	10000980	A	1	A	1	G	1
chr19	10000981	C	0	C	0	C	0
chr19	10000982	T	1	T	1	T	1
chr19	10000983	C	0	C	0	C	0
chr19	10000984	T	1	T	1	T	1
chr19	10000985	C	0	C	0	C	0
chr19	10000986	C	1	C	1	C	1
chr19	10000987	C	1	C	1	C	1
chr19	10000988	T	1	T	1	T	1
chr19	10000989	T	0	T	0	T	0
chr19	10000990	T	0	T	0	T	0
chr19	10000991	C	0	C	0	C	0
chr19	10000992	C	1	C	1	C	1
chr19	10000993	A	1	A	1	A	1
chr19	10000994	T	0	T	0	T	0
chr19	10000995	C	0	C	0	C	0
chr19	10000996	C	1	C	1	C	1
chr19	10000997	C	1	C	1	C	1
chr19	10000998	A	1	A	1	G	1
chr19	10000999	C	0	C	0	C	0
chr19	10001000	A	1	A	1	A	1
